id;name;username;password;title;token;session;created_at;updated_at
1;Bedfordshire;Jordan Delaware index;Drives;New Israeli Sheqel visionary Berkshire;Radial connect;false;2020-03-01T01:16:48;2020-02-29T13:59:11
2;Aruba;Shoes mission-critical benchmark;Incredible Credit Card Account full-range;Principal;Steel;true;2020-03-01T05:59:00;2020-02-29T11:46:13
3;Cuba withdrawal;communities Customer Intelligent Fresh Shoes;ivory navigate Fresh;iterate;payment Global;true;2020-02-29T06:50:27;2020-02-29T11:53:29
4;Industrial PNG;TCPXX;connecting District Administrator;Investment Account service-desk back up;Chief;false;2020-02-29T18:18:55;2020-02-29T06:33:59
5;Lights;green non-volatile;methodical back-end Auto Loan Account;Rubber Home Loan Account;Tactics PNG bricks-and-clicks;true;2020-02-29T11:46:07;2020-03-01T02:43:27
6;THX channels generate;Buckinghamshire Bedfordshire;neural Infrastructure;streamline;invoice;false;2020-02-29T22:49:59;2020-02-29T14:53:06
7;Lead Chips;Reverse-engineered;Dynamic Officer;Fresh;payment North Dakota;false;2020-02-29T17:06:21;2020-03-01T00:19:05
8;Virgin Islands, British Assurance;back-end Investment Account;client-driven;PNG ADP bus;backing up;false;2020-02-29T09:15:24;2020-03-01T04:28:21
9;Intelligent optical French Polynesia;Gorgeous;Handcrafted Thailand indigo;Ameliorated Generic Architect;matrices;true;2020-03-01T04:25:12;2020-02-29T17:45:31
10;incubate;Mandatory quantify;Sleek Cotton Bacon;eyeballs;white best-of-breed;true;2020-02-29T09:15:10;2020-02-29T18:38:17
